Question,Answer
Hi there! How are you feeling today? I'm here to listen.,"Thank you for sharing. Your feelings matter, and I'm here for you."
"Hey, it's good to connect. How's your day going so far?","I appreciate you opening up. If you feel like sharing more, I'm here to listen."
That's wonderful to hear! What's been the highlight of your day?,"That sounds amazing! I'm glad you had that experience. If you feel like sharing more, I'm here."
I’m so glad to hear that! What's been bringing you joy lately?,That's lovely! It's great to see you enjoying the little moments. Is there anything you'd like to talk about or ask?
I’m here for you. Would you like to talk about what's on your mind?,"Take your time. Whenever you're ready, I'm here to listen."
"I’m really sorry to hear that. Would you like to share what’s been weighing on you? No pressure, just a safe space.","Thank you for trusting me with that. It sounds really tough. Remember, it's okay to feel this way, and you're not alone."
I’m here for you. Would it help to talk about it? Sometimes sharing even a little can make a difference.,"I’m glad you felt comfortable sharing that. If you need more support or just a listening ear, I’m right here."
It sounds like you’re carrying a lot right now. Would you like to talk about it more or maybe find a way to ease that burden a bit?,"Your feelings are completely valid. If you want to explore this further, I’m here for you."
"That must be really challenging. If it helps, I’m here to listen. Do you want to chat about it more?","I hear you, and it sounds like a lot to handle. You’re not alone, and it’s okay to feel this way."
"Would it help to explore some ways to feel a little better, or would you prefer just to be heard for now?","That’s perfectly okay. Sometimes just sharing is enough. If you need anything, I’m here."
"Would you like some gentle suggestions on how to cope, or would you prefer to just chat for a while?",No pressure at all. Just know that I’m here to support you in whatever way feels right.
Farewell Message,"Thank you for trusting me with your thoughts. Remember, you’re never alone, and it’s okay to seek help whenever you need it. Take care of yourself—you deserve it."
